{
    "parameters": {
        "n_agents": 4,
        "dt": 0.1,
        "device": "cpu",
        "scenario_name": "car_like_robots_path_tracking",
        "n_iters": 50,
        "frames_per_batch": 1024,
        "total_frames": 51200,
        "num_epochs": 30,
        "minibatch_size": 18,
        "lr": 0.0004,
        "max_grad_norm": 1.0,
        "clip_epsilon": 0.2,
        "gamma": 0.98,
        "lmbda": 0.9,
        "entropy_eps": 0.0001,
        "max_steps": 512,
        "num_vmas_envs": 2,
        "is_save_intermidiate_model": true,
        "is_load_model": false,
        "n_nearing_agents_observed": 4,
        "episode_reward_mean_current": 420.15997314453125,
        "episode_reward_intermidiate": 420.15997314453125,
        "where_to_save": "outputs/car_like_robots_path_tracking_ppo/circle_leave_world_speed_overfitting/",
        "is_continue_train": false,
        "is_local_observation": false,
        "is_global_coordinate_sys": false,
        "n_short_term_points": 6,
        "is_testing_mode": false,
        "is_visualize_short_term_path": true,
        "path_tracking_type": "circle",
        "is_dynamic_goal_reward": false,
        "is_save_eval_results": false,
        "is_load_out_td": null,
        "mode_name": "circle_reward420.16"
    },
    "episode_reward_mean_list": [
        18.491954803466797,
        -183.75393676757812,
        28.458824157714844,
        28.524734497070312,
        39.05756378173828,
        44.58708190917969,
        45.4780158996582,
        48.3405876159668,
        53.44921112060547,
        70.36846923828125,
        59.686134338378906,
        97.59778594970703,
        116.32601928710938,
        182.76730346679688,
        250.15011596679688,
        282.8415832519531,
        299.85400390625,
        295.6676025390625,
        318.274658203125,
        319.9393310546875,
        337.69622802734375,
        341.48419189453125,
        354.14141845703125,
        361.61419677734375,
        364.91473388671875,
        369.2059326171875,
        371.4004211425781,
        378.9334411621094,
        383.19232177734375,
        382.2297058105469,
        380.09210205078125,
        386.5863037109375,
        389.74853515625,
        393.02825927734375,
        396.3904113769531,
        397.38983154296875,
        401.7030944824219,
        404.87115478515625,
        405.99896240234375,
        409.2272644042969,
        411.36798095703125,
        412.46307373046875,
        415.7138977050781,
        418.9824523925781,
        418.98291015625,
        419.07684326171875,
        420.15997314453125,
        417.97381591796875,
        419.029296875,
        419.03662109375
    ]
}