{
    "parameters": {
        "n_agents": 4,
        "dt": 0.05,
        "device": "cpu",
        "scenario_name": "road_traffic",
        "n_iters": 250,
        "frames_per_batch": 4096,
        "total_frames": 1024000,
        "num_epochs": 60,
        "minibatch_size": 512,
        "lr": 0.0002,
        "lr_min": 1e-05,
        "max_grad_norm": 1.0,
        "clip_epsilon": 0.2,
        "gamma": 0.99,
        "lmbda": 0.9,
        "entropy_eps": 0.0001,
        "max_steps": 128,
        "training_strategy": "3",
        "num_vmas_envs": 32,
        "is_save_intermediate_model": true,
        "is_load_model": false,
        "is_load_final_model": false,
        "episode_reward_mean_current": 5.3137030601501465,
        "episode_reward_intermediate": 5.3137030601501465,
        "where_to_save": "outputs/road_traffic_ppo/chall. initial state buffer/",
        "is_continue_train": false,
        "is_partial_observation": true,
        "n_points_short_term": 3,
        "n_nearing_agents_observed": 2,
        "is_observe_distance_to_agents": true,
        "is_testing_mode": false,
        "is_visualize_short_term_path": true,
        "is_ego_view": true,
        "is_apply_mask": true,
        "is_use_mtv_distance": false,
        "is_observe_distance_to_boundaries": true,
        "is_observe_distance_to_center_line": true,
        "is_observe_CG": true,
        "is_add_noise": true,
        "is_observe_ref_path_other_agents": false,
        "is_save_eval_results": true,
        "is_load_out_td": false,
        "is_real_time_rendering": false,
        "is_prb": false,
        "reset_scenario_probabilities": [
            1.0,
            0.0,
            0.0
        ],
        "mode_name": "reward5.31"
    },
    "episode_reward_mean_list": [
        -0.9369245171546936,
        -0.8235446810722351,
        -0.7521400451660156,
        -0.7549348473548889,
        -0.7277296185493469,
        -0.7785579562187195,
        -0.8990885019302368,
        -0.8683845400810242,
        -0.9389534592628479,
        -0.678467333316803,
        -0.5959277749061584,
        -0.4718116223812103,
        -0.21067465841770172,
        0.08110607415437698,
        0.5057481527328491,
        0.9946594834327698,
        1.4014625549316406,
        2.0999419689178467,
        2.162630796432495,
        2.5996932983398438,
        2.7944817543029785,
        3.0036187171936035,
        3.9154438972473145,
        3.5334525108337402,
        3.499772548675537,
        3.1470179557800293,
        3.490109920501709,
        3.571977376937866,
        3.7328648567199707,
        3.83882999420166,
        4.129878997802734,
        3.8617427349090576,
        4.290236473083496,
        3.8766841888427734,
        3.288712978363037,
        3.9504683017730713,
        3.625547170639038,
        4.317760467529297,
        4.085911273956299,
        3.9219722747802734,
        4.349084854125977,
        3.8609306812286377,
        3.7095353603363037,
        4.26975679397583,
        4.0474534034729,
        3.636077642440796,
        4.147618293762207,
        3.6976726055145264,
        4.090179443359375,
        4.353130340576172,
        3.9331181049346924,
        4.043041706085205,
        4.267428398132324,
        3.428835391998291,
        4.2803544998168945,
        3.856492280960083,
        4.413741111755371,
        4.229383945465088,
        4.1904377937316895,
        4.506100177764893,
        4.502230644226074,
        4.850321292877197,
        4.069962024688721,
        4.119721412658691,
        4.5609211921691895,
        4.166572093963623,
        4.523970127105713,
        3.6997838020324707,
        4.080996990203857,
        4.377636909484863,
        5.030937194824219,
        4.347113609313965,
        4.119936466217041,
        4.772648811340332,
        4.886625289916992,
        5.2210235595703125,
        4.847203731536865,
        4.248343467712402,
        4.886354446411133,
        4.872489929199219,
        4.533806800842285,
        4.905574321746826,
        4.675648212432861,
        4.777617454528809,
        4.816139221191406,
        4.887969970703125,
        4.9384660720825195,
        4.998607158660889,
        4.942680358886719,
        4.03353214263916,
        4.89580774307251,
        4.074761390686035,
        4.594125747680664,
        4.098124980926514,
        4.177034854888916,
        4.580724716186523,
        4.863890171051025,
        4.640404224395752,
        4.375698089599609,
        4.455750465393066,
        4.445531845092773,
        4.396728515625,
        4.6963114738464355,
        4.229334354400635,
        4.739308834075928,
        4.876195907592773,
        5.076091766357422,
        5.1310811042785645,
        4.513059616088867,
        4.029421329498291,
        4.425790786743164,
        4.546630859375,
        4.745288848876953,
        4.676116943359375,
        4.800212860107422,
        4.548000812530518,
        4.785954475402832,
        4.938750743865967,
        4.071494102478027,
        4.134048938751221,
        4.980223655700684,
        4.497493743896484,
        3.917261838912964,
        4.288535118103027,
        4.570566654205322,
        4.670493125915527,
        4.915948867797852,
        3.92594838142395,
        5.3137030601501465,
        4.007535457611084,
        4.4966044425964355,
        4.560791969299316,
        4.5154032707214355,
        4.06682825088501,
        4.882853031158447,
        4.304440975189209,
        4.955751419067383,
        5.0169997215271,
        4.454651832580566,
        4.686916828155518,
        4.538057804107666,
        5.155998229980469,
        4.37095308303833,
        4.150722980499268,
        4.514906883239746,
        4.003312110900879,
        4.162609100341797,
        3.938424587249756,
        4.796565532684326,
        4.697515964508057,
        4.2499847412109375,
        4.509203910827637,
        4.020849704742432,
        4.876131057739258,
        4.306035041809082,
        4.81235408782959,
        4.701450347900391,
        4.351079940795898,
        4.320406913757324,
        4.382867813110352,
        4.412426471710205,
        4.436455249786377,
        4.552431106567383,
        4.141202449798584,
        4.375764846801758,
        4.770662784576416,
        4.520201683044434,
        4.693756580352783,
        4.532121181488037,
        4.4950056076049805,
        4.854649066925049,
        4.445551872253418,
        4.748161315917969,
        4.496331214904785,
        4.564211845397949,
        4.783593654632568,
        5.069423198699951,
        4.861628532409668,
        4.557133197784424,
        4.671648979187012,
        4.982308387756348,
        4.143264293670654,
        4.475916385650635,
        4.510092258453369,
        3.953119993209839,
        4.706466197967529,
        4.8350653648376465,
        4.027107238769531,
        4.819334030151367,
        4.454779624938965,
        4.744471549987793,
        5.1655354499816895,
        4.834932804107666,
        4.421667575836182,
        4.60951042175293,
        4.4994683265686035,
        4.930698394775391,
        4.336277008056641,
        4.526895523071289,
        4.520112037658691,
        4.836647033691406,
        4.509109973907471,
        5.208725452423096,
        3.9418790340423584,
        4.246077060699463,
        4.154006004333496,
        4.944042205810547,
        5.098739147186279,
        4.831315040588379,
        4.648903846740723,
        4.663151741027832,
        5.177684307098389,
        4.299286842346191,
        4.5350165367126465,
        4.943273544311523,
        4.734188079833984,
        4.883387565612793,
        4.627328395843506,
        5.092375755310059,
        4.690990447998047,
        4.303224086761475,
        4.678502559661865,
        3.8683691024780273,
        5.170678615570068,
        5.1533732414245605,
        3.569209337234497,
        4.674436569213867,
        5.018975257873535,
        4.078227996826172,
