{
    "parameters": {
        "n_agents": 4,
        "dt": 0.1,
        "device": "cpu",
        "scenario_name": "car_like_robots_path_tracking",
        "n_iters": 100,
        "frames_per_batch": 1024,
        "total_frames": 102400,
        "num_epochs": 30,
        "minibatch_size": 18,
        "lr": 0.0004,
        "max_grad_norm": 1.0,
        "clip_epsilon": 0.2,
        "gamma": 0.98,
        "lmbda": 0.9,
        "entropy_eps": 0.0001,
        "max_steps": 512,
        "num_vmas_envs": 2,
        "is_save_intermidiate_model": true,
        "is_load_model": false,
        "n_nearing_agents_observed": 4,
        "episode_reward_mean_current": 457.4068298339844,
        "episode_reward_intermidiate": 457.4068298339844,
        "where_to_save": "outputs/car_like_robots_path_tracking_ppo/circle_add_noise/",
        "is_continue_train": false,
        "is_local_observation": false,
        "is_global_coordinate_sys": false,
        "n_short_term_points": 6,
        "is_testing_mode": false,
        "is_visualize_short_term_path": true,
        "path_tracking_type": "circle",
        "is_dynamic_goal_reward": false,
        "is_save_eval_results": false,
        "is_load_out_td": null,
        "mode_name": "circle_reward457.41"
    },
    "episode_reward_mean_list": [
        13.378059387207031,
        -90.42737579345703,
        -51.876373291015625,
        29.510055541992188,
        51.494773864746094,
        -60.28448486328125,
        47.034584045410156,
        87.86546325683594,
        107.14601135253906,
        142.49346923828125,
        156.93206787109375,
        259.2636413574219,
        286.0351257324219,
        311.1531982421875,
        314.9937744140625,
        308.9757080078125,
        325.1497802734375,
        330.9083251953125,
        322.025146484375,
        311.206787109375,
        326.77587890625,
        322.98638916015625,
        335.8942565917969,
        341.3584289550781,
        348.0981140136719,
        357.83892822265625,
        362.09588623046875,
        358.88848876953125,
        363.1903991699219,
        368.72442626953125,
        375.1197509765625,
        376.2518310546875,
        377.48748779296875,
        379.652099609375,
        368.62481689453125,
        378.4599609375,
        375.1669616699219,
        378.42755126953125,
        384.9116516113281,
        385.1529541015625,
        391.45953369140625,
        392.6956787109375,
        393.70770263671875,
        398.0063781738281,
        400.21820068359375,
        399.0448303222656,
        399.24591064453125,
        399.50140380859375,
        404.57659912109375,
        402.3729248046875,
        400.17071533203125,
        396.8994140625,
        392.76080322265625,
        394.6834716796875,
        391.520751953125,
        397.8255615234375,
        398.96661376953125,
        405.54266357421875,
        407.7298583984375,
        410.15313720703125,
        408.9715576171875,
        410.091064453125,
        410.3194580078125,
        404.88519287109375,
        413.27166748046875,
        413.25091552734375,
        424.13714599609375,
        427.41217041015625,
        428.4513854980469,
        429.79400634765625,
        433.03399658203125,
        433.89434814453125,
        434.12677001953125,
        437.1215515136719,
        435.140380859375,
        436.0788879394531,
        437.18524169921875,
        438.40057373046875,
        443.5897216796875,
        441.38897705078125,
        443.7633056640625,
        444.7452697753906,
        448.79931640625,
        449.9657287597656,
        452.16180419921875,
        453.09515380859375,
        456.3305358886719,
        454.3414306640625,
        456.42279052734375,
        456.4803466796875,
        456.4851379394531,
        456.4398193359375,
        456.3209228515625,
        455.3242492675781,
        457.4068298339844,
        455.2842102050781,
        452.0277099609375,
        455.2232666015625,
        451.01202392578125,
        454.1501770019531
    ]
}