{
    "parameters": {
        "n_agents": 4,
        "dt": 0.1,
        "device": "cpu",
        "scenario_name": "car_like_robots_path_tracking",
        "n_iters": 100,
        "frames_per_batch": 1024,
        "total_frames": 102400,
        "num_epochs": 30,
        "minibatch_size": 16,
        "lr": 0.0004,
        "max_grad_norm": 1.0,
        "clip_epsilon": 0.2,
        "gamma": 0.98,
        "lmbda": 0.9,
        "entropy_eps": 0.0001,
        "max_steps": 128,
        "num_vmas_envs": 8,
        "is_save_intermidiate_model": true,
        "is_load_model": false,
        "n_nearing_agents_observed": 4,
        "episode_reward_mean_current": 81.04383087158203,
        "episode_reward_intermidiate": 81.04383087158203,
        "where_to_save": "outputs/car_like_robots_path_tracking_ppo/circle/",
        "is_continue_train": false,
        "is_local_observation": false,
        "is_global_coordinate_sys": false,
        "n_short_term_points": 6,
        "is_testing_mode": false,
        "is_visualize_short_term_path": true,
        "path_tracking_type": "circle",
        "is_dynamic_goal_reward": false,
        "is_save_eval_results": false,
        "is_load_out_td": null,
        "mode_name": "reward81.04"
    },
    "episode_reward_mean_list": [
        3.623251438140869,
        1.9514546394348145,
        -3.381206512451172,
        3.0994791984558105,
        5.108732223510742,
        7.9807868003845215,
        4.467692852020264,
        10.811403274536133,
        11.475380897521973,
        20.561662673950195,
        24.294544219970703,
        36.29948043823242,
        46.271873474121094,
        56.772647857666016,
        63.74319076538086,
        68.2716064453125,
        68.34378814697266,
        70.485107421875,
        68.94217681884766,
        65.72408294677734,
        72.99884033203125,
        75.84223937988281,
        78.84099578857422,
        77.58584594726562,
        81.04383087158203,
        74.3931884765625,
        69.45870208740234,
        69.55411529541016,
        72.38116455078125,
        74.33506774902344,
        74.20695495605469,
        72.73157501220703,
        63.601192474365234,
        67.7676010131836,
        65.84171295166016,
        52.28009796142578,
        58.27085876464844,
        61.509700775146484,
        64.75735473632812,
        67.52692413330078,
        75.50508117675781,
        75.39974212646484,
        71.12760925292969,
        71.56071472167969,
        66.90796661376953,
        58.059818267822266,
        57.83112716674805,
        45.046669006347656,
        44.61189270019531,
        8.66427993774414,
        4.500256061553955
    ]
}