{
    "parameters": {
        "n_agents": 4,
        "dt": 0.1,
        "device": "cpu",
        "scenario_name": "car_like_robots_path_tracking",
        "n_iters": 500,
        "frames_per_batch": 1024,
        "total_frames": 512000,
        "num_epochs": 30,
        "minibatch_size": 18,
        "lr": 0.0004,
        "max_grad_norm": 1.0,
        "clip_epsilon": 0.2,
        "gamma": 0.98,
        "lmbda": 0.9,
        "entropy_eps": 0.0001,
        "max_steps": 256,
        "num_vmas_envs": 4,
        "is_save_intermidiate_model": true,
        "is_load_model": false,
        "n_nearing_agents_observed": 4,
        "episode_reward_mean_current": 183.84010314941406,
        "episode_reward_intermidiate": 183.84010314941406,
        "where_to_save": "outputs/car_like_robots_path_tracking_ppo/turning_try1/",
        "is_continue_train": false,
        "is_local_observation": false,
        "is_global_coordinate_sys": false,
        "n_short_term_points": 6,
        "is_testing_mode": false,
        "is_visualize_short_term_path": true,
        "path_tracking_type": "turning",
        "is_dynamic_goal_reward": false,
        "is_save_eval_results": false,
        "is_load_out_td": null,
        "mode_name": "turning_reward183.84"
    },
    "episode_reward_mean_list": [
        -118.28388977050781,
        6.323809623718262,
        4.521871089935303,
        6.5393805503845215,
        6.048749923706055,
        10.117616653442383,
        11.470234870910645,
        9.701318740844727,
        6.2280449867248535,
        15.995976448059082,
        19.877588272094727,
        13.705547332763672,
        28.19281768798828,
        30.146041870117188,
        44.927635192871094,
        43.17579650878906,
        42.30375671386719,
        52.56394577026367,
        52.53590774536133,
        58.45595169067383,
        60.63775634765625,
        57.82462692260742,
        59.16627883911133,
        4.878631591796875,
        65.91384887695312,
        64.6583251953125,
        60.903221130371094,
        71.73838806152344,
        95.70869445800781,
        95.79985046386719,
        97.82369995117188,
        133.56996154785156,
        76.3771743774414,
        100.30858612060547,
        103.8148193359375,
        124.3829574584961,
        128.80889892578125,
        129.76235961914062,
        147.14588928222656,
        180.0408477783203,
        164.51698303222656,
        164.8536376953125,
        164.4920196533203,
        180.8245086669922,
        179.97923278808594,
        179.8292999267578,
        179.1582489013672,
        179.3915252685547,
        179.834228515625,
        160.41275024414062,
        180.53941345214844,
        178.07455444335938,
        178.33949279785156,
        181.8410186767578,
        181.841552734375,
        182.1495819091797,
        181.82826232910156,
        182.0817108154297,
        181.5159149169922,
        182.2581024169922,
        181.97047424316406,
        181.6675262451172,
        181.67735290527344,
        182.25015258789062,
        183.11727905273438,
        182.83619689941406,
        182.5595703125,
        182.32440185546875,
        182.82394409179688,
        183.41563415527344,
        183.84010314941406,
        183.12547302246094,
        182.82366943359375,
        182.82418823242188,
        183.11376953125,
        182.82028198242188,
        182.5623779296875,
        183.07296752929688
    ]
}