{
    "parameters": {
        "n_agents": 4,
        "dt": 0.05,
        "device": "cpu",
        "scenario_name": "road_traffic",
        "n_iters": 250,
        "frames_per_batch": 4096,
        "total_frames": 1024000,
        "num_epochs": 60,
        "minibatch_size": 512,
        "lr": 0.0002,
        "lr_min": 1e-05,
        "max_grad_norm": 1.0,
        "clip_epsilon": 0.2,
        "gamma": 0.99,
        "lmbda": 0.9,
        "entropy_eps": 0.0001,
        "max_steps": 128,
        "training_strategy": "4",
        "num_vmas_envs": 32,
        "is_save_intermediate_model": true,
        "is_load_model": false,
        "is_load_final_model": false,
        "episode_reward_mean_current": 3.5697128772735596,
        "episode_reward_intermediate": 3.5697128772735596,
        "where_to_save": "outputs/road_traffic_ppo/obs. vertices of surr. ag./",
        "is_continue_train": false,
        "is_partial_observation": true,
        "n_points_short_term": 3,
        "n_nearing_agents_observed": 2,
        "is_observe_distance_to_agents": true,
        "is_testing_mode": false,
        "is_visualize_short_term_path": true,
        "is_ego_view": true,
        "is_apply_mask": true,
        "is_use_mtv_distance": false,
        "is_observe_distance_to_boundaries": true,
        "is_observe_distance_to_ref_path": true,
        "is_observe_CG": false,
        "is_add_noise": true,
        "is_observe_ref_path_other_agents": false,
        "is_save_eval_results": true,
        "is_load_out_td": false,
        "is_real_time_rendering": false,
        "is_prb": false,
        "reset_scenario_probabilities": [
            1.0,
            0.0,
            0.0
        ],
        "mode_name": "reward3.57"
    },
    "episode_reward_mean_list": [
        -0.8303732872009277,
        -0.8331611752510071,
        -0.7011293172836304,
        -0.6843400597572327,
        -0.6496877670288086,
        -0.7045503258705139,
        -0.7068690061569214,
        -0.7619003057479858,
        -0.5357509851455688,
        -0.4874858856201172,
        -0.445650190114975,
        -0.30780014395713806,
        -0.13531213998794556,
        0.07365468144416809,
        0.3637753129005432,
        0.4020480513572693,
        0.7084216475486755,
        0.8206024169921875,
        1.0878546237945557,
        1.012749195098877,
        1.1270911693572998,
        1.6023914813995361,
        1.235227346420288,
        2.0545804500579834,
        1.6443589925765991,
        1.6346434354782104,
        1.7149461507797241,
        1.8908253908157349,
        1.4346070289611816,
        1.3108826875686646,
        1.4972913265228271,
        1.828377366065979,
        1.7629649639129639,
        1.4225331544876099,
        1.8109320402145386,
        1.6442620754241943,
        1.9191346168518066,
        1.6469016075134277,
        2.0592265129089355,
        1.9991306066513062,
        1.856619954109192,
        2.032379388809204,
        2.0384879112243652,
        2.131589412689209,
        1.8227086067199707,
        1.7911808490753174,
        1.7206007242202759,
        2.0601367950439453,
        2.1251232624053955,
        1.8816653490066528,
        2.4536073207855225,
        2.692549228668213,
        2.115218162536621,
        1.743586778640747,
        2.2745587825775146,
        2.4204821586608887,
        2.0138046741485596,
        2.2673087120056152,
        2.337850332260132,
        2.5083348751068115,
        1.925300121307373,
        1.9984328746795654,
        1.9368631839752197,
        2.2681281566619873,
        2.219562292098999,
        1.8705238103866577,
        2.3534293174743652,
        2.3764100074768066,
        2.0614616870880127,
        2.149984836578369,
        2.1428260803222656,
        2.2672617435455322,
        2.6152467727661133,
        2.4169325828552246,
        2.8133859634399414,
        2.404134511947632,
        2.1510796546936035,
        1.7288882732391357,
        2.3042662143707275,
        2.2199556827545166,
        1.7890491485595703,
        2.123793363571167,
        2.102297067642212,
        2.033235788345337,
        2.2753489017486572,
        2.4829978942871094,
        2.3180623054504395,
        2.223501443862915,
        2.621884346008301,
        2.051888942718506,
        2.594578742980957,
        2.093491792678833,
        2.0983264446258545,
        2.4833223819732666,
        2.068044662475586,
        2.1152639389038086,
        2.548214912414551,
        2.453929901123047,
        2.0214850902557373,
        2.479360580444336,
        2.191938638687134,
        2.9560933113098145,
        2.3626837730407715,
        1.8502583503723145,
        1.9744634628295898,
        2.4286539554595947,
        2.5803353786468506,
        2.1759426593780518,
        2.6137216091156006,
        2.030010461807251,
        2.8577637672424316,
        2.0110669136047363,
        2.6585235595703125,
        2.3304219245910645,
        1.6893396377563477,
        2.609088182449341,
        2.247105121612549,
        2.5831263065338135,
        1.9944238662719727,
        2.3059558868408203,
        2.3400228023529053,
        2.1130189895629883,
        2.086374521255493,
        2.5806567668914795,
        2.6873538494110107,
        2.7852025032043457,
        2.3174891471862793,
        2.402263879776001,
        2.3250463008880615,
        2.088165760040283,
        2.3834784030914307,
        2.437479019165039,
        2.0336995124816895,
        2.62351393699646,
        1.8988358974456787,
        2.463393449783325,
        2.512024402618408,
        2.0934224128723145,
        2.3549537658691406,
        2.7100777626037598,
        2.2666103839874268,
        2.514641284942627,
        2.420555353164673,
        2.880716323852539,
        2.4318199157714844,
        2.1095902919769287,
        2.7006170749664307,
        2.0365238189697266,
        2.3087480068206787,
        2.322147846221924,
        2.799550771713257,
        2.509601354598999,
        2.758108377456665,
        2.887932062149048,
        2.2184853553771973,
        2.2437562942504883,
        2.9384517669677734,
        2.7934207916259766,
        2.7984139919281006,
        2.301057815551758,
        3.5697128772735596,
        2.622781991958618,
        2.8191606998443604,
        2.2651147842407227,
        2.2609641551971436,
        2.4274301528930664,
        2.4223384857177734,
        2.3785715103149414,
        2.9690051078796387,
        2.9619553089141846,
        2.376157760620117,
        2.30295991897583,
        2.8507208824157715,
        2.133136034011841,
        2.820457935333252,
        2.6753132343292236,
        2.4894864559173584,
        2.3180794715881348,
        2.5134387016296387,
        3.354734420776367,
        2.380502939224243,
        2.2749481201171875,
        3.217925548553467,
        1.631813645362854,
        3.163975238800049,
        2.8464596271514893,
        2.9580750465393066,
        2.0570015907287598,
        2.3222296237945557,
        2.112358808517456,
        2.51094126701355,
        2.034618616104126,
        2.6791064739227295,
        2.432877540588379,
        2.532226324081421,
        2.6470768451690674,
        2.3619041442871094,
        2.5393927097320557,
        3.0383100509643555,
        2.354349136352539,
        2.540600538253784,
        2.2494213581085205,
        2.526909351348877,
        3.040745496749878,
        2.5142738819122314,
        2.4419424533843994,
        2.975785255432129,
        2.7371528148651123,
        3.0527679920196533,
        2.4806771278381348,
        2.8363425731658936,
        2.5371854305267334,
        2.956493854522705,
        3.0429255962371826,
        2.602916717529297,
        2.9075870513916016,
        2.6806793212890625,
        2.383349895477295,
        2.4263875484466553,
        2.82936692237854,
        2.648862361907959,
        2.254288673400879,
        2.0738282203674316,
        2.2980737686157227,
