{
    "parameters": {
        "n_agents": 4,
        "dt": 0.1,
        "device": "cpu",
        "scenario_name": "car_like_robots_path_tracking",
        "n_iters": 100,
        "frames_per_batch": 1024,
        "total_frames": 102400,
        "num_epochs": 30,
        "minibatch_size": 16,
        "lr": 0.0004,
        "max_grad_norm": 1.0,
        "clip_epsilon": 0.2,
        "gamma": 0.98,
        "lmbda": 0.9,
        "entropy_eps": 0.0001,
        "max_steps": 128,
        "num_vmas_envs": 8,
        "is_save_intermidiate_model": true,
        "is_load_model": false,
        "n_nearing_agents_observed": 4,
        "episode_reward_mean_current": 89.41565704345703,
        "episode_reward_intermidiate": 89.41565704345703,
        "where_to_save": "outputs/car_like_robots_path_tracking_ppo/line_1/",
        "is_continue_train": false,
        "is_local_observation": false,
        "is_global_coordinate_sys": false,
        "n_short_term_points": 6,
        "is_testing_mode": false,
        "is_visualize_short_term_path": true,
        "path_tracking_type": "line",
        "is_dynamic_goal_reward": false,
        "is_save_eval_results": false,
        "is_load_out_td": null,
        "mode_name": "line_reward89.42"
    },
    "episode_reward_mean_list": [
        -7.804636478424072,
        -1.0365138053894043,
        -0.10405468940734863,
        0.20834672451019287,
        4.52253532409668,
        -0.6999034881591797,
        6.695426940917969,
        10.623481750488281,
        13.41087532043457,
        16.614717483520508,
        20.45380210876465,
        35.69390869140625,
        39.16715621948242,
        19.180782318115234,
        54.874420166015625,
        41.919166564941406,
        58.67659378051758,
        58.122291564941406,
        65.87336730957031,
        57.38758850097656,
        68.18245697021484,
        64.28443145751953,
        77.44768524169922,
        77.2904281616211,
        73.84378814697266,
        74.99012756347656,
        70.42603302001953,
        79.3104248046875,
        78.34851837158203,
        72.91986083984375,
        77.9925537109375,
        79.98963165283203,
        78.57503509521484,
        80.76512908935547,
        79.17442321777344,
        82.72454833984375,
        82.41168975830078,
        81.64802551269531,
        82.88053894042969,
        81.28255462646484,
        81.72815704345703,
        81.19970703125,
        81.8251953125,
        81.71422576904297,
        81.18354034423828,
        80.3774185180664,
        83.46599578857422,
        82.52662658691406,
        70.14077758789062,
        82.4289779663086,
        81.56094360351562,
        78.18389129638672,
        75.72354888916016,
        76.52403259277344,
        79.87831115722656,
        77.89262390136719,
        75.15003967285156,
        79.444580078125,
        81.71004486083984,
        79.5827865600586,
        81.99369049072266,
        17.838037490844727,
        36.511531829833984,
        45.37465286254883,
        73.79206848144531,
        55.37131118774414,
        84.15257263183594,
        77.5743637084961,
        64.35298156738281,
        83.32560729980469,
        74.357421875,
        77.04248809814453,
        85.20579528808594,
        82.2507553100586,
        85.55059051513672,
        79.54125213623047,
        86.34519958496094,
        86.0428695678711,
        85.14723205566406,
        87.7705307006836,
        87.04145812988281,
        87.31551361083984,
        88.28018951416016,
        86.95396423339844,
        88.30040740966797,
        88.40997314453125,
        88.35773468017578,
        89.27030181884766,
        88.1526870727539,
        88.89887237548828,
        86.79590606689453,
        88.27161407470703,
        86.37464904785156,
        88.10789489746094,
        86.65912628173828,
        88.97260284423828,
        88.02568817138672,
        88.20233917236328,
        89.41565704345703,
        87.99185180664062
    ]
}