{
    "parameters": {
        "n_agents": 4,
        "dt": 0.05,
        "device": "cpu",
        "scenario_name": "road_traffic",
        "n_iters": 250,
        "frames_per_batch": 4096,
        "total_frames": 1024000,
        "num_epochs": 60,
        "minibatch_size": 512,
        "lr": 0.0002,
        "lr_min": 1e-05,
        "max_grad_norm": 1.0,
        "clip_epsilon": 0.2,
        "gamma": 0.99,
        "lmbda": 0.9,
        "entropy_eps": 0.0001,
        "max_steps": 128,
        "training_strategy": "4",
        "num_vmas_envs": 32,
        "is_save_intermediate_model": true,
        "is_load_model": false,
        "is_load_final_model": false,
        "episode_reward_mean_current": 3.138009786605835,
        "episode_reward_intermediate": 3.138009786605835,
        "where_to_save": "outputs/road_traffic_ppo/not obs. dist. to center line/",
        "is_continue_train": false,
        "is_partial_observation": true,
        "n_points_short_term": 3,
        "n_nearing_agents_observed": 2,
        "is_observe_distance_to_agents": true,
        "is_testing_mode": false,
        "is_visualize_short_term_path": true,
        "is_ego_view": true,
        "is_apply_mask": true,
        "is_use_mtv_distance": false,
        "is_observe_distance_to_boundaries": true,
        "is_observe_distance_to_center_line": false,
        "is_observe_CG": true,
        "is_add_noise": true,
        "is_observe_ref_path_other_agents": false,
        "is_save_eval_results": true,
        "is_load_out_td": false,
        "is_real_time_rendering": false,
        "is_prb": false,
        "reset_scenario_probabilities": [
            1.0,
            0.0,
            0.0
        ],
        "mode_name": "reward3.14"
    },
    "episode_reward_mean_list": [
        -0.7547857761383057,
        -0.6827269196510315,
        -0.6399450302124023,
        -0.6583179235458374,
        -0.6028853058815002,
        -0.6558361053466797,
        -0.5935765504837036,
        -0.5991695523262024,
        -0.46477210521698,
        -0.394840806722641,
        -0.3142557740211487,
        -0.18052473664283752,
        -0.10869655758142471,
        0.08480881154537201,
        0.25459596514701843,
        0.8040474057197571,
        1.0404715538024902,
        0.8955411314964294,
        1.1192128658294678,
        0.7527360320091248,
        1.3939145803451538,
        1.0191019773483276,
        1.1278201341629028,
        1.4356236457824707,
        1.4859174489974976,
        1.0122883319854736,
        1.8627903461456299,
        1.4131535291671753,
        1.516090989112854,
        1.670217514038086,
        1.436011552810669,
        1.602443814277649,
        1.7461557388305664,
        1.6738749742507935,
        1.8420782089233398,
        1.5392001867294312,
        1.960981011390686,
        1.647674798965454,
        1.477571964263916,
        1.9063502550125122,
        1.801498293876648,
        2.1092238426208496,
        1.5126715898513794,
        2.0900073051452637,
        1.844260573387146,
        1.82953941822052,
        1.9475544691085815,
        1.495152473449707,
        1.684853434562683,
        3.1239278316497803,
        2.0202271938323975,
        2.1103153228759766,
        1.936912178993225,
        1.9175407886505127,
        1.8016607761383057,
        1.4524537324905396,
        2.2522940635681152,
        1.8056740760803223,
        1.8163915872573853,
        1.488837480545044,
        1.9120231866836548,
        1.5194878578186035,
        2.7069709300994873,
        2.088045120239258,
        1.734860897064209,
        2.012507200241089,
        2.2830190658569336,
        2.1649017333984375,
        2.1377615928649902,
        1.8501650094985962,
        2.000333070755005,
        2.1861572265625,
        1.7235115766525269,
        1.904685616493225,
        2.1978378295898438,
        2.2520689964294434,
        1.9368417263031006,
        2.2353832721710205,
        2.0477421283721924,
        1.9047355651855469,
        1.6946042776107788,
        2.1772799491882324,
        2.348740577697754,
        2.5912587642669678,
        2.3647096157073975,
        2.25288987159729,
        2.1205952167510986,
        2.2338364124298096,
        2.0207223892211914,
        2.0363826751708984,
        2.1041622161865234,
        1.8337243795394897,
        2.458001136779785,
        1.9855632781982422,
        2.5997772216796875,
        2.147258758544922,
        2.1008384227752686,
        2.624830961227417,
        2.0953829288482666,
        1.6186448335647583,
        2.507120132446289,
        2.236171245574951,
        2.1896724700927734,
        2.330751419067383,
        2.319058895111084,
        2.4794323444366455,
        2.173107862472534,
        2.2202987670898438,
        2.7314186096191406,
        2.3937339782714844,
        2.2774288654327393,
        1.986431360244751,
        1.5746655464172363,
        2.2829129695892334,
        2.1630468368530273,
        2.6907200813293457,
        1.9908760786056519,
        1.979261040687561,
        2.4206156730651855,
        2.813546657562256,
        1.8328442573547363,
        2.112072706222534,
        2.7209043502807617,
        2.257392406463623,
        1.9853721857070923,
        1.9157499074935913,
        2.1146609783172607,
        1.97036874294281,
        2.1727190017700195,
        1.967682957649231,
        2.6266672611236572,
        2.3014237880706787,
        2.2293827533721924,
        2.226673126220703,
        2.1174159049987793,
        2.113227128982544,
        2.0773918628692627,
        1.9086426496505737,
        1.9694627523422241,
        2.6592743396759033,
        2.8847336769104004,
        2.4798038005828857,
        1.5652823448181152,
        2.2320713996887207,
        1.8561012744903564,
        1.9223848581314087,
        2.426802158355713,
        1.9439064264297485,
        2.072348117828369,
        1.7945581674575806,
        2.1290507316589355,
        2.176680564880371,
        2.176581621170044,
        2.4922924041748047,
        2.2406997680664062,
        1.942560076713562,
        2.040541172027588,
        2.234649419784546,
        2.4433538913726807,
        2.1353423595428467,
        1.9720158576965332,
        2.761535406112671,
        2.3362786769866943,
        1.9642775058746338,
        2.3174142837524414,
        2.2663207054138184,
        1.9574089050292969,
        2.127709150314331,
        3.138009786605835,
        1.9680230617523193,
        1.807403564453125,
        2.5376248359680176,
        2.0453946590423584,
        2.2162153720855713,
        2.3041892051696777,
        2.095900297164917,
        2.9263038635253906,
        1.840440273284912,
        2.0063343048095703,
        2.04718017578125,
        2.2732648849487305,
        2.2839605808258057,
        2.9115328788757324,
        2.663705587387085,
        2.7312231063842773,
        2.4990432262420654,
        1.7673946619033813,
        2.217641830444336,
        2.2903525829315186,
        2.6116178035736084,
        2.0123207569122314,
        1.895336627960205,
        1.98222815990448,
        2.1984643936157227,
        2.6527419090270996,
        2.4478347301483154,
        2.6039814949035645,
        2.533463954925537,
        2.735433340072632,
        2.121138095855713,
        2.822904109954834,
        2.6505126953125,
        2.0089645385742188,
        2.3745999336242676,
        2.510366439819336,
        1.9519193172454834,
        1.8677130937576294,
        2.3043417930603027,
        2.5052316188812256,
        2.2305450439453125,
        2.029745578765869,
        2.1292083263397217,
        2.3882758617401123,
        2.710890293121338,
        2.1832685470581055,
        2.182788372039795,
        2.307161569595337,
        1.929145336151123,
        2.454775333404541,
        2.259429693222046,
        2.638948678970337,
        2.472160577774048,
        2.421299934387207,
        2.183319568634033,
