{
    "parameters": {
        "n_agents": 4,
        "dt": 0.05,
        "device": "cpu",
        "scenario_name": "road_traffic",
        "n_iters": 250,
        "frames_per_batch": 4096,
        "total_frames": 1024000,
        "num_epochs": 60,
        "minibatch_size": 512,
        "lr": 0.0002,
        "lr_min": 1e-05,
        "max_grad_norm": 1.0,
        "clip_epsilon": 0.2,
        "gamma": 0.99,
        "lmbda": 0.9,
        "entropy_eps": 0.0001,
        "max_steps": 128,
        "training_strategy": "4",
        "num_vmas_envs": 32,
        "is_save_intermediate_model": true,
        "is_load_model": false,
        "is_load_final_model": false,
        "episode_reward_mean_current": 0.1666979193687439,
        "episode_reward_intermediate": 0.1666979193687439,
        "where_to_save": "outputs/road_traffic_ppo/bird-view/",
        "is_continue_train": false,
        "is_partial_observation": true,
        "n_points_short_term": 3,
        "n_nearing_agents_observed": 2,
        "is_observe_distance_to_agents": true,
        "is_testing_mode": false,
        "is_visualize_short_term_path": true,
        "is_ego_view": false,
        "is_apply_mask": true,
        "is_use_mtv_distance": false,
        "is_observe_distance_to_boundaries": true,
        "is_observe_distance_to_ref_path": true,
        "is_observe_CG": true,
        "is_add_noise": true,
        "is_observe_ref_path_other_agents": false,
        "is_save_eval_results": true,
        "is_load_out_td": false,
        "is_real_time_rendering": false,
        "is_prb": false,
        "reset_scenario_probabilities": [
            1.0,
            0.0,
            0.0
        ],
        "mode_name": "reward0.17"
    },
    "episode_reward_mean_list": [
        -0.8222251534461975,
        -0.7505772709846497,
        -0.7258041501045227,
        -0.6998327970504761,
        -0.659260094165802,
        -0.6405197978019714,
        -0.5928806066513062,
        -0.6072928309440613,
        -0.5528174042701721,
        -0.5887706279754639,
        -0.5010634660720825,
        -0.4152302145957947,
        -0.39597463607788086,
        -0.41307199001312256,
        -0.36029767990112305,
        -0.30711525678634644,
        -0.3713374435901642,
        -0.2800340950489044,
        -0.25817859172821045,
        -0.2506300210952759,
        -0.2751401662826538,
        -0.22577114403247833,
        -0.22186411917209625,
        -0.23246490955352783,
        -0.21701133251190186,
        -0.22441136837005615,
        -0.19289931654930115,
        -0.16757993400096893,
        -0.13376812636852264,
        -0.14893697202205658,
        -0.12271672487258911,
        -0.12857313454151154,
        -0.047518953680992126,
        -0.12144532799720764,
        -0.04351773113012314,
        -0.11133132874965668,
        -0.09627174586057663,
        -0.10342494398355484,
        -0.07021639496088028,
        -0.08757465332746506,
        -0.060353297740221024,
        -0.05914205312728882,
        -0.015826517716050148,
        -0.07606100291013718,
        -0.05457180365920067,
        -0.057190798223018646,
        -0.06812654435634613,
        -0.021151311695575714,
        -0.011901737190783024,
        -0.037223201245069504,
        -0.04872099682688713,
        -0.03730236738920212,
        -0.03596044331789017,
        -0.031688787043094635,
        0.0053560566157102585,
        -0.01270265318453312,
        -0.026951594278216362,
        0.0018286313861608505,
        0.004042692482471466,
        0.012626124545931816,
        0.019031677395105362,
        0.04158186540007591,
        0.05655214563012123,
        0.023370467126369476,
        0.090940922498703,
        0.04519624263048172,
        0.07142642140388489,
        0.00783369317650795,
        0.03287554532289505,
        0.06443789601325989,
        0.08991875499486923,
        0.08764172345399857,
        0.062207601964473724,
        0.1153426393866539,
        0.07748489826917648,
        0.08336523175239563,
        0.06959246844053268,
        0.025504767894744873,
        0.04764777421951294,
        0.09507706016302109,
        0.03157873824238777,
        0.00478258216753602,
        0.09351415932178497,
        0.061156123876571655,
        0.11293354630470276,
        0.09374885261058807,
        0.10640741139650345,
        0.08123168349266052,
        0.05585871636867523,
        0.11864049732685089,
        0.15313173830509186,
        0.1035233810544014,
        0.099443718791008,
        0.08906596153974533,
        0.08239244669675827,
        0.14222171902656555,
        0.044584739953279495,
        0.0453956238925457,
        0.09316197037696838,
        0.09426181763410568,
        0.0798029825091362,
        0.08631998300552368,
        0.1292622834444046,
        0.09091591089963913,
        0.07385142892599106,
        0.08535128831863403,
        0.06111811846494675,
        0.08186188340187073,
        0.1142984926700592,
        0.10231286287307739,
        0.08568322658538818,
        0.08141686767339706,
        0.0650741308927536,
        0.11646559834480286,
        0.12275607883930206,
        0.10487449914216995,
        0.14153088629245758,
        0.10714641958475113,
        0.12002099305391312,
        0.12053948640823364,
        0.11222276091575623,
        0.14282436668872833,
        0.1051289439201355,
        0.11457882821559906,
        0.15930676460266113,
        0.07239235192537308,
        0.1229385957121849,
        0.1666979193687439,
        0.1315162479877472,
        0.11049087345600128,
        0.13891737163066864,
        0.1292707920074463,
        0.08349144458770752,
        0.1167423352599144,
        0.09825696051120758,
        0.13686789572238922,
        0.08360347151756287,
        0.10002419352531433,
        0.07259972393512726,
        0.0877671092748642,
        0.09621597081422806,
        0.09947624802589417,
        0.1255175769329071,
        0.10987561196088791,
        0.10902096331119537,
        0.1208801344037056,
        0.08532921969890594,
        0.1508171260356903,
        0.08758029341697693,
        0.08973286300897598,
        0.1177172139286995,
        0.0761842131614685,
        0.09198945015668869,
        0.0746668130159378,
        0.11168160289525986,
        0.04330235347151756,
        0.10047968477010727,
        0.09740599989891052,
        0.08173835277557373,
        0.10829869657754898,
        0.1101861298084259,
        0.05913911014795303,
        0.08527497202157974,
        0.1019134446978569,
        0.059623803943395615,
        0.08144867420196533,
        0.08129391819238663,
        0.07863637804985046,
        0.08364056050777435,
        0.07567538321018219,
        0.045032158493995667,
        0.05585193261504173,
        0.06260667741298676,
        0.08892631530761719,
        -0.004663032479584217,
        0.06373075395822525,
        0.05384337902069092,
        0.00016360073641408235,
        0.014516755938529968,
        0.015647729858756065,
        -0.011090246960520744,
        0.021141331642866135,
        0.04086558148264885,
        -0.013326914049685001,
        -0.011819131672382355,
        0.021808801218867302,
        -0.01254001259803772,
        -0.04011555761098862,
        0.031936753541231155,
        -0.03144005686044693,
        0.006370240822434425,
        -0.0052230479195714,
        -0.014017371460795403,
        -0.04494291543960571,
        -0.05918852984905243,
        -0.04868076741695404,
        -0.048652466386556625,
        -0.04094933345913887,
        -0.05191843956708908,
        -0.06777634471654892,
        -0.07424071431159973,
        -0.06368366628885269,
        -0.043456874787807465,
        -0.06380181759595871,
        -0.09300800412893295,
        -0.07900296151638031,
        -0.06704327464103699,
        -0.07824740558862686,
        -0.07905794680118561,
        -0.08379193395376205,
        -0.12806259095668793,
        -0.10825963318347931,
