{
    "parameters": {
        "n_agents": 4,
        "dt": 0.1,
        "device": "cpu",
        "scenario_name": "path_tracking",
        "n_iters": 100,
        "frames_per_batch": 1024,
        "total_frames": 102400,
        "num_epochs": 30,
        "minibatch_size": 16,
        "lr": 0.0004,
        "max_grad_norm": 1.0,
        "clip_epsilon": 0.2,
        "gamma": 0.98,
        "lmbda": 0.9,
        "entropy_eps": 0.0001,
        "max_steps": 128,
        "num_vmas_envs": 8,
        "is_save_intermidiate_model": true,
        "is_load_model": false,
        "n_nearing_agents_observed": 4,
        "episode_reward_mean_current": 78.19693756103516,
        "episode_reward_intermidiate": 78.19693756103516,
        "where_to_save": "outputs/path_tracking_ppo/turning_1/",
        "is_continue_train": false,
        "is_partial_observation": false,
        "is_global_coordinate_sys": false,
        "n_short_term_points": 6,
        "is_testing_mode": false,
        "is_visualize_short_term_path": true,
        "is_save_eval_results": false,
        "is_load_out_td": null,
        "mode_name": "turning_reward78.20"
    },
    "episode_reward_mean_list": [
        -13.392702102661133,
        2.6559994220733643,
        -2.5269250869750977,
        6.364199161529541,
        9.12995719909668,
        13.137222290039062,
        12.830743789672852,
        22.773578643798828,
        30.997343063354492,
        37.074180603027344,
        44.66930389404297,
        47.3948974609375,
        53.76266098022461,
        55.043914794921875,
        59.80577087402344,
        59.94103240966797,
        61.17738342285156,
        63.06256866455078,
        61.90213394165039,
        64.4208755493164,
        62.4676628112793,
        65.12865447998047,
        60.025146484375,
        63.59211730957031,
        66.4933853149414,
        65.96717071533203,
        70.76461029052734,
        71.92442321777344,
        72.51274871826172,
        74.0594711303711,
        76.06756591796875,
        74.54638671875,
        71.57959747314453,
        74.48097229003906,
        77.79669189453125,
        75.17791748046875,
        76.24311065673828,
        76.88896179199219,
        77.70010375976562,
        76.75879669189453,
        76.72586059570312,
        78.19693756103516,
        75.07976531982422,
        75.96302032470703,
        75.48312377929688,
        72.98823547363281,
        72.18447875976562,
        59.03523254394531,
        18.80750274658203,
        4.476201057434082,
        1.8144633769989014,
        0.22819077968597412,
        1.5681335926055908,
        1.4048376083374023,
        2.0555264949798584,
        3.643984794616699,
        3.8645200729370117,
        2.6051740646362305,
        3.534071683883667,
        4.2754669189453125,
        4.076470851898193,
        1.4402198791503906,
        2.2421419620513916
    ]
}