{
    "parameters": {
        "n_agents": 4,
        "dt": 0.05,
        "device": "cpu",
        "scenario_name": "road_traffic",
        "n_iters": 250,
        "frames_per_batch": 4096,
        "total_frames": 1024000,
        "num_epochs": 60,
        "minibatch_size": 512,
        "lr": 0.0002,
        "lr_min": 1e-05,
        "max_grad_norm": 1.0,
        "clip_epsilon": 0.2,
        "gamma": 0.99,
        "lmbda": 0.9,
        "entropy_eps": 0.0001,
        "max_steps": 128,
        "training_strategy": "1",
        "num_vmas_envs": 32,
        "is_save_intermediate_model": true,
        "is_load_model": false,
        "is_load_final_model": false,
        "episode_reward_mean_current": 5.807045936584473,
        "episode_reward_intermediate": 5.807045936584473,
        "where_to_save": "outputs/road_traffic_ppo/vanilla/",
        "is_continue_train": false,
        "is_partial_observation": true,
        "n_points_short_term": 3,
        "n_nearing_agents_observed": 2,
        "is_observe_distance_to_agents": true,
        "is_testing_mode": false,
        "is_visualize_short_term_path": true,
        "is_ego_view": true,
        "is_apply_mask": true,
        "is_use_mtv_distance": false,
        "is_observe_distance_to_boundaries": true,
        "is_observe_distance_to_center_line": true,
        "is_observe_CG": true,
        "is_add_noise": true,
        "is_observe_ref_path_other_agents": false,
        "is_save_eval_results": true,
        "is_load_out_td": false,
        "is_real_time_rendering": false,
        "is_prb": false,
        "reset_scenario_probabilities": [
            1.0,
            0.0,
            0.0
        ],
        "mode_name": "reward5.81"
    },
    "episode_reward_mean_list": [
        -0.806721568107605,
        -0.7454745769500732,
        -0.7094666957855225,
        -0.7526597380638123,
        -0.6376217603683472,
        -0.6996658444404602,
        -0.851138710975647,
        -0.8003465533256531,
        -0.7518414258956909,
        -0.7849365472793579,
        -0.5130481719970703,
        -0.13533371686935425,
        0.17370638251304626,
        0.8565550446510315,
        1.3784207105636597,
        1.8872097730636597,
        1.9449304342269897,
        2.4273998737335205,
        2.9591352939605713,
        3.1024301052093506,
        3.3453853130340576,
        3.7406153678894043,
        3.736712694168091,
        3.750824451446533,
        4.138372421264648,
        3.9059276580810547,
        3.932417869567871,
        4.3118085861206055,
        4.292194366455078,
        4.120401382446289,
        4.144613265991211,
        3.9488778114318848,
        4.483059406280518,
        4.498971939086914,
        4.271965026855469,
        4.154609680175781,
        4.599911689758301,
        4.653209209442139,
        4.888988971710205,
        4.557751178741455,
        4.545656204223633,
        4.694952011108398,
        4.698291778564453,
        4.909850597381592,
        4.786850929260254,
        4.729118347167969,
        4.973613739013672,
        4.683894157409668,
        4.729032039642334,
        4.765727996826172,
        4.3476881980896,
        4.775638580322266,
        4.876003742218018,
        4.846430778503418,
        4.7802414894104,
        4.743987083435059,
        5.140103340148926,
        4.75253438949585,
        4.777054786682129,
        5.142463684082031,
        4.823011875152588,
        4.9316840171813965,
        4.798338413238525,
        4.935356140136719,
        5.353306770324707,
        5.718632698059082,
        4.901844024658203,
        5.04777193069458,
        5.528270721435547,
        5.317540645599365,
        5.44290018081665,
        5.407074451446533,
        5.0447678565979,
        5.214491367340088,
        5.512733459472656,
        5.473606109619141,
        5.081435680389404,
        5.009924411773682,
        4.949484825134277,
        5.257728576660156,
        4.792453289031982,
        5.212560176849365,
        5.735689640045166,
        5.519892692565918,
        5.069118976593018,
        5.618368148803711,
        5.4622111320495605,
        5.171367168426514,
        5.596914768218994,
        5.465452671051025,
        5.780262470245361,
        5.4861369132995605,
        5.221027851104736,
        4.900416374206543,
        5.304466247558594,
        5.088870048522949,
        5.558441162109375,
        5.131727695465088,
        5.701794147491455,
        5.323426246643066,
        5.205860614776611,
        5.26096248626709,
        4.931027412414551,
        5.640305519104004,
        5.412521839141846,
        5.440810203552246,
        4.4036173820495605,
        5.31850528717041,
        5.522439002990723,
        5.047321319580078,
        5.047286033630371,
        5.483609676361084,
        5.045995712280273,
        5.187928199768066,
        5.0694050788879395,
        4.6493120193481445,
        5.5394463539123535,
        5.420319557189941,
        5.262529373168945,
        5.336081504821777,
        5.143128395080566,
        4.8691020011901855,
        5.498488426208496,
        5.676319122314453,
        5.020122528076172,
        4.775660514831543,
        5.599313735961914,
        5.253052711486816,
        5.223104000091553,
        5.585282325744629,
        4.783010482788086,
        5.008376598358154,
        5.532973766326904,
        5.010407447814941,
        5.222060680389404,
        5.280026912689209,
        5.4117021560668945,
        4.620774269104004,
        5.616969585418701,
        5.182024002075195,
        5.4104485511779785,
        5.584590911865234,
        5.379493713378906,
        5.184563159942627,
        5.790216445922852,
        5.51898193359375,
        5.420760154724121,
        5.587172031402588,
        5.156866550445557,
        5.201208114624023,
        4.851264953613281,
        5.40859842300415,
        5.778596878051758,
        4.980929851531982,
        5.5526885986328125,
        5.144423961639404,
        5.4930949211120605,
        5.741305351257324,
        4.987556457519531,
        4.8292717933654785,
        5.4611029624938965,
        5.104313850402832,
        4.74273157119751,
        5.52293062210083,
        5.530340194702148,
        5.239949703216553,
        5.352810859680176,
        5.546724319458008,
        5.399499893188477,
        5.807045936584473,
        5.286269664764404,
        5.438443660736084,
        5.537186145782471,
        5.308724880218506,
        5.650881290435791,
        5.698791027069092,
        5.3927388191223145,
        5.628456115722656,
        5.6782989501953125,
        5.321779727935791,
        5.402434825897217,
        5.646975517272949,
        5.008223533630371,
        5.258729934692383,
        5.350035667419434,
        4.822795867919922,
        5.28400182723999,
        5.448000431060791,
        5.758272171020508,
        4.834875106811523,
        5.516099452972412,
        4.575741767883301,
        5.182137489318848,
        5.117693901062012,
        5.604433059692383,
        5.238918304443359,
        5.145269870758057,
        5.409945487976074,
        5.370349884033203,
        4.760542869567871,
        5.196161270141602,
        4.839944839477539,
        4.80486536026001,
        5.252869129180908,
        5.130950927734375,
        4.693331241607666,
        5.794877052307129,
        5.14084005355835,
        5.602595329284668,
        5.4659881591796875,
        4.665314674377441,
        5.028194904327393,
        4.906961441040039,
        5.203411102294922,
        4.813368797302246,
        4.87522029876709,
        4.917726039886475,
        5.302840232849121,
        4.807259559631348,
        4.6511664390563965,
        5.213188171386719,
        5.038589954376221,
        4.460871696472168,
        4.703895568847656,
        4.866313457489014,
        4.713825225830078,
        5.281849384307861,
        4.632234573364258,
        4.302217960357666,
        4.862428665161133,
