{
    "parameters": {
        "n_agents": 4,
        "dt": 0.05,
        "device": "cpu",
        "scenario_name": "road_traffic",
        "n_iters": 250,
        "frames_per_batch": 4096,
        "total_frames": 1024000,
        "num_epochs": 60,
        "minibatch_size": 512,
        "lr": 0.0002,
        "lr_min": 1e-05,
        "max_grad_norm": 1.0,
        "clip_epsilon": 0.2,
        "gamma": 0.99,
        "lmbda": 0.9,
        "entropy_eps": 0.0001,
        "max_steps": 128,
        "training_strategy": "2",
        "num_vmas_envs": 32,
        "is_save_intermediate_model": true,
        "is_load_model": false,
        "is_load_final_model": false,
        "episode_reward_mean_current": 5.568614482879639,
        "episode_reward_intermediate": 5.568614482879639,
        "where_to_save": "outputs/road_traffic_ppo/PER/",
        "is_continue_train": false,
        "is_partial_observation": true,
        "n_points_short_term": 3,
        "n_nearing_agents_observed": 2,
        "is_observe_distance_to_agents": true,
        "is_testing_mode": false,
        "is_visualize_short_term_path": true,
        "is_ego_view": true,
        "is_apply_mask": true,
        "is_use_mtv_distance": false,
        "is_observe_distance_to_boundaries": true,
        "is_observe_distance_to_ref_path": true,
        "is_observe_CG": true,
        "is_add_noise": true,
        "is_observe_ref_path_other_agents": false,
        "is_save_eval_results": true,
        "is_load_out_td": false,
        "is_real_time_rendering": false,
        "is_prb": true,
        "reset_scenario_probabilities": [
            1.0,
            0.0,
            0.0
        ],
        "mode_name": "reward5.57"
    },
    "episode_reward_mean_list": [
        -0.806721568107605,
        -0.8063248991966248,
        -0.8846023082733154,
        -0.9409991502761841,
        -0.9747172594070435,
        -1.1295713186264038,
        -1.471050500869751,
        -1.530487060546875,
        -1.6051303148269653,
        -1.2169712781906128,
        -0.9914920926094055,
        -0.7954902052879333,
        -0.3742277920246124,
        0.09423759579658508,
        0.5023900866508484,
        1.1787958145141602,
        1.4656345844268799,
        1.7739810943603516,
        2.234873056411743,
        2.555694103240967,
        2.438474178314209,
        2.9132776260375977,
        3.0844411849975586,
        3.195286273956299,
        3.463067054748535,
        3.5413167476654053,
        3.775689125061035,
        3.7663259506225586,
        3.841887950897217,
        3.8585855960845947,
        3.9985034465789795,
        3.7613606452941895,
        4.218361854553223,
        3.626682758331299,
        3.6780037879943848,
        3.91941237449646,
        4.319590091705322,
        4.321897506713867,
        4.484323501586914,
        4.466982364654541,
        3.99440860748291,
        4.422933101654053,
        4.470259189605713,
        3.8164215087890625,
        4.213114261627197,
        4.090345859527588,
        4.40182638168335,
        3.8631396293640137,
        4.484045028686523,
        4.330372333526611,
        3.9751713275909424,
        4.589452743530273,
        4.1461358070373535,
        4.7357940673828125,
        4.381778240203857,
        4.692594528198242,
        4.687052249908447,
        4.043703556060791,
        4.338889122009277,
        4.737798690795898,
        4.512228965759277,
        4.35626220703125,
        4.642262935638428,
        4.530641555786133,
        4.415485382080078,
        4.408581733703613,
        4.5937628746032715,
        4.356802940368652,
        4.699243545532227,
        4.485079288482666,
        4.125782489776611,
        4.241785049438477,
        4.628575325012207,
        5.024806022644043,
        4.87034797668457,
        4.688211441040039,
        4.3277082443237305,
        4.722831726074219,
        4.821039199829102,
        4.606882095336914,
        4.774454116821289,
        4.689065456390381,
        5.200839996337891,
        4.968312740325928,
        4.842024803161621,
        4.8359503746032715,
        5.097248077392578,
        4.635801315307617,
        4.45224142074585,
        5.272778034210205,
        4.421485900878906,
        4.990776062011719,
        5.027576446533203,
        5.065928936004639,
        4.936270713806152,
        5.01025390625,
        5.122359752655029,
        5.1858625411987305,
        4.368706703186035,
        4.920403957366943,
        5.044576644897461,
        5.233577251434326,
        5.3211894035339355,
        4.925268173217773,
        5.012787342071533,
        4.521129131317139,
        4.783517837524414,
        5.010256767272949,
        4.572909832000732,
        5.096063137054443,
        4.976009845733643,
        4.986715793609619,
        5.055815696716309,
        4.9133076667785645,
        4.8883376121521,
        5.105594158172607,
        4.764656066894531,
        5.144885063171387,
        5.118954658508301,
        5.181293487548828,
        5.026542663574219,
        4.632449626922607,
        4.7286834716796875,
        4.704958438873291,
        5.269350051879883,
        4.58100700378418,
        4.388250350952148,
        4.572372913360596,
        4.96701717376709,
        4.7329559326171875,
        5.101800441741943,
        5.0531325340271,
        4.696397304534912,
        4.951830863952637,
        4.7157063484191895,
        5.311570644378662,
        5.002521991729736,
        5.043793201446533,
        5.130229473114014,
        4.96402645111084,
        4.976445198059082,
        5.0928826332092285,
        5.121153831481934,
        4.469658851623535,
        5.203915596008301,
        5.296474456787109,
        4.794026851654053,
        5.143487453460693,
        4.831254959106445,
        4.882038116455078,
        5.022372245788574,
        4.602959632873535,
        4.942005634307861,
        4.5905256271362305,
        4.973625659942627,
        4.813643932342529,
        5.140154838562012,
        4.510060787200928,
        4.834748268127441,
        5.119265079498291,
        4.74647331237793,
        4.955850601196289,
        4.786645412445068,
        4.862846851348877,
        4.983865261077881,
        4.818718910217285,
        4.398070335388184,
        4.817602157592773,
        4.9440436363220215,
        5.137960433959961,
        4.733423709869385,
        4.663410663604736,
        4.477687358856201,
        5.049424648284912,
        4.726149559020996,
        5.314783096313477,
        4.5212788581848145,
        5.151741027832031,
        4.762974262237549,
        5.133172035217285,
        4.314970970153809,
        4.95102071762085,
        4.771759986877441,
        4.727252960205078,
        5.209923267364502,
        5.272092819213867,
        4.659217834472656,
        4.863778114318848,
        5.082428932189941,
        5.112534523010254,
        4.93275785446167,
        5.487109184265137,
        5.18479585647583,
        5.044571399688721,
        4.614283561706543,
        4.83603048324585,
        5.073117733001709,
        4.772170543670654,
        4.898256778717041,
        5.040104389190674,
        4.806424617767334,
        4.801241874694824,
        5.1082587242126465,
        5.115195274353027,
        4.316448211669922,
        5.0394086837768555,
        4.997968673706055,
        5.247568130493164,
        5.236078262329102,
        4.766419887542725,
        5.205180644989014,
        4.916236877441406,
        4.9231109619140625,
        5.098550796508789,
        5.2353410720825195,
        4.8669257164001465,
        4.9123921394348145,
        4.753788471221924,
        4.751405239105225,
        4.348912715911865,
        4.862407684326172,
        4.739602565765381,
        4.510239124298096,
        4.975415229797363,
        4.87689208984375,
        5.568614482879639,
        4.93428373336792,
        4.780188083648682,
        5.103143215179443,
        5.053167819976807,
