{
    "parameters": {
        "n_agents": 4,
        "dt": 0.05,
        "device": "cpu",
        "scenario_name": "road_traffic",
        "n_iters": 250,
        "frames_per_batch": 4096,
        "total_frames": 1024000,
        "num_epochs": 60,
        "minibatch_size": 512,
        "lr": 0.0002,
        "lr_min": 1e-05,
        "max_grad_norm": 1.0,
        "clip_epsilon": 0.2,
        "gamma": 0.99,
        "lmbda": 0.9,
        "entropy_eps": 0.0001,
        "max_steps": 128,
        "scenario_type": "CPM_mixed",
        "num_vmas_envs": 32,
        "is_save_intermediate_model": true,
        "is_load_model": false,
        "is_load_final_model": false,
        "episode_reward_mean_current": 6.3055243492126465,
        "episode_reward_intermediate": 6.3055243492126465,
        "where_to_save": "checkpoints/do not use mask/",
        "is_continue_train": false,
        "is_partial_observation": true,
        "n_points_short_term": 3,
        "n_nearing_agents_observed": 2,
        "is_observe_distance_to_agents": true,
        "is_testing_mode": false,
        "is_save_simulation_video": false,
        "is_visualize_short_term_path": true,
        "is_visualize_lane_boundary": false,
        "is_ego_view": true,
        "is_apply_mask": false,
        "is_use_mtv_distance": false,
        "is_observe_distance_to_boundaries": true,
        "is_observe_distance_to_center_line": true,
        "is_observe_vertices": true,
        "is_add_noise": true,
        "is_observe_ref_path_other_agents": false,
        "is_save_eval_results": true,
        "is_load_out_td": false,
        "is_real_time_rendering": false,
        "is_visualize_extra_info": true,
        "render_title": "",
        "is_prb": false,
        "cpm_scenario_probabilities": [
            1.0,
            0.0,
            0.0
        ],
        "mode_name": "reward6.31"
    },
    "episode_reward_mean_list": [
        -0.723648190498352,
        -0.6098031997680664,
        -0.5369460582733154,
        -0.4791143536567688,
        -0.383789986371994,
        -0.32106685638427734,
        -0.18721117079257965,
        -0.08443862944841385,
        0.1639508157968521,
        0.23552966117858887,
        0.5907261371612549,
        1.2609657049179077,
        1.242084264755249,
        1.670284390449524,
        2.2129898071289062,
        2.208908796310425,
        2.158808469772339,
        2.8609704971313477,
        2.2039756774902344,
        1.9189448356628418,
        2.6825449466705322,
        2.3863275051116943,
        3.4130616188049316,
        2.910757064819336,
        2.789681911468506,
        2.7312397956848145,
        2.786240577697754,
        2.8584275245666504,
        2.8393948078155518,
        3.244738817214966,
        3.137082576751709,
        2.6931345462799072,
        3.1878271102905273,
        2.8750202655792236,
        3.1759588718414307,
        3.954878091812134,
        3.349987506866455,
        3.3340518474578857,
        3.7245874404907227,
        3.763867139816284,
        3.8417065143585205,
        3.6829946041107178,
        3.3915178775787354,
        3.1823527812957764,
        3.291247844696045,
        3.3138856887817383,
        3.2425434589385986,
        3.820497512817383,
        3.836911201477051,
        4.0036139488220215,
        3.6861047744750977,
        4.4378180503845215,
        4.137798309326172,
        3.9297518730163574,
        3.37157940864563,
        4.575362682342529,
        3.9659922122955322,
        3.5888149738311768,
        4.2481207847595215,
        4.843598365783691,
        3.9827311038970947,
        4.319186687469482,
        4.298459529876709,
        3.9048068523406982,
        3.771456003189087,
        4.270338535308838,
        4.209842205047607,
        4.419337272644043,
        4.506338119506836,
        3.778430700302124,
        3.9417784214019775,
        3.932093381881714,
        4.180568695068359,
        4.157147407531738,
        4.172967433929443,
        4.690374374389648,
        4.761989116668701,
        4.954246997833252,
        4.204523086547852,
        4.650028228759766,
        5.479378700256348,
        4.659172534942627,
        4.711644649505615,
        5.0510077476501465,
        4.984643459320068,
        4.647612571716309,
        4.632969379425049,
        4.462637901306152,
        4.998448848724365,
        5.016056537628174,
        4.195530414581299,
        5.2154412269592285,
        4.500215530395508,
        4.8068928718566895,
        4.523882865905762,
        4.550642490386963,
        4.7942681312561035,
        5.3310699462890625,
        4.53490686416626,
        4.530031204223633,
        4.551095962524414,
        4.203030586242676,
        5.229335784912109,
        4.372889518737793,
        4.234440803527832,
        4.686613082885742,
        4.932557106018066,
        4.827917098999023,
        4.772730350494385,
        5.199662685394287,
        4.614082336425781,
        5.801188945770264,
        5.386035442352295,
        4.966269493103027,
        5.259456157684326,
        4.809650897979736,
        5.027941703796387,
        4.503873348236084,
        4.8394083976745605,
        5.835482597351074,
        4.9633708000183105,
        4.9601263999938965,
        6.100290775299072,
        5.08149528503418,
        5.204981327056885,
        5.372556686401367,
        5.5868821144104,
        5.2719573974609375,
        4.802906036376953,
        5.070876598358154,
        5.049773693084717,
        5.250846862792969,
        4.790182113647461,
        5.523423194885254,
        5.917421340942383,
        5.269661903381348,
        5.254245281219482,
        5.404451370239258,
        4.997405529022217,
        6.296646595001221,
        4.73138427734375,
        5.0259294509887695,
        5.2850341796875,
        5.334990978240967,
        4.708715915679932,
        5.474706649780273,
        5.259053707122803,
        5.511226177215576,
        5.398988246917725,
        5.322056770324707,
        4.85988712310791,
        5.116502285003662,
        4.980888843536377,
        4.511982440948486,
        5.1651458740234375,
        5.210361003875732,
        5.6541924476623535,
        4.912090301513672,
        5.0964250564575195,
        4.914520263671875,
        5.447916507720947,
        5.479727268218994,
        5.846861362457275,
        5.915051460266113,
        4.853572368621826,
        5.421725749969482,
        4.8395256996154785,
        5.448856830596924,
        5.070434093475342,
        5.905681133270264,
        5.427867889404297,
        4.780274868011475,
        5.260194301605225,
        5.6012444496154785,
        5.713940620422363,
        5.607612609863281,
        5.848013401031494,
        4.731958389282227,
        4.670647144317627,
        6.03496789932251,
        5.3056960105896,
        5.342531681060791,
        5.702822208404541,
        6.3055243492126465,
        5.922329425811768,
        5.850561141967773,
        6.08527946472168,
        5.253047943115234,
        5.1621246337890625,
        5.184806823730469,
        4.757528305053711,
        5.651011943817139,
        4.896275520324707,
        5.0636773109436035,
        5.500259876251221,
        4.894158840179443,
        5.915078639984131,
        5.862879753112793,
        6.159405708312988,
        4.999330997467041,
        6.01365852355957,
        5.387041091918945,
        4.949462413787842,
        5.08939790725708,
        4.31507682800293,
        5.325920581817627,
        5.3042144775390625,
        4.84729528427124,
        4.900721073150635,
        5.348114967346191,
        5.777973651885986,
        5.319690704345703,
        5.503684043884277,
        5.77592134475708,
        5.297094345092773,
        5.4533162117004395,
        5.720975875854492,
        5.692162990570068,
        5.070065021514893,
        4.471198081970215,
        5.224652290344238,
        5.06912899017334,
        5.491671085357666,
