{
    "parameters": {
        "n_agents": 4,
        "dt": 0.1,
        "device": "cpu",
        "scenario_name": "car_like_robots_path_tracking",
        "n_iters": 100,
        "frames_per_batch": 1024,
        "total_frames": 102400,
        "num_epochs": 30,
        "minibatch_size": 16,
        "lr": 0.0004,
        "max_grad_norm": 1.0,
        "clip_epsilon": 0.2,
        "gamma": 0.98,
        "lmbda": 0.9,
        "entropy_eps": 0.0001,
        "max_steps": 128,
        "num_vmas_envs": 8,
        "is_save_intermidiate_model": true,
        "is_load_model": false,
        "n_nearing_agents_observed": 4,
        "episode_reward_mean_current": 146.83685302734375,
        "episode_reward_intermidiate": 146.83685302734375,
        "where_to_save": "outputs/car_like_robots_path_tracking_ppo/sine_1/",
        "is_continue_train": false,
        "is_partial_observation": false,
        "is_global_coordinate_sys": false,
        "n_short_term_points": 6,
        "is_testing_mode": false,
        "is_visualize_short_term_path": true,
        "path_tracking_type": "sine",
        "is_dynamic_goal_reward": false,
        "is_save_eval_results": false,
        "is_load_out_td": null,
        "mode_name": "sine_reward146.84"
    },
    "episode_reward_mean_list": [
        -1.2072663307189941,
        -0.45062386989593506,
        -1.8509777784347534,
        1.9265766143798828,
        8.00529956817627,
        -1.4432487487792969,
        4.430658340454102,
        8.943801879882812,
        15.830076217651367,
        16.234560012817383,
        22.861522674560547,
        25.312480926513672,
        36.24207305908203,
        35.818294525146484,
        46.01699447631836,
        53.509483337402344,
        61.11489486694336,
        67.81436157226562,
        81.4228286743164,
        83.9529800415039,
        82.48844909667969,
        90.84183502197266,
        93.95565795898438,
        95.11457824707031,
        94.89898681640625,
        97.62142944335938,
        95.17403411865234,
        104.66797637939453,
        103.03336334228516,
        112.35725402832031,
        113.69697570800781,
        115.11604309082031,
        114.05137634277344,
        116.4302978515625,
        118.30650329589844,
        120.02711486816406,
        119.36161041259766,
        119.9247817993164,
        121.50106048583984,
        124.67256164550781,
        125.70691680908203,
        125.19960021972656,
        126.3689193725586,
        127.87383270263672,
        126.0666275024414,
        128.5081329345703,
        127.21156311035156,
        130.43984985351562,
        133.77316284179688,
        135.99415588378906,
        133.58499145507812,
        133.3693084716797,
        132.72940063476562,
        134.83558654785156,
        133.6317138671875,
        133.06044006347656,
        136.29144287109375,
        136.10516357421875,
        135.64837646484375,
        136.50912475585938,
        136.072021484375,
        136.26052856445312,
        136.6481475830078,
        138.4936065673828,
        138.35195922851562,
        139.7454833984375,
        139.9967498779297,
        140.20590209960938,
        139.02294921875,
        139.62005615234375,
        142.8129425048828,
        140.92147827148438,
        138.20013427734375,
        140.34860229492188,
        140.62538146972656,
        141.37745666503906,
        140.54290771484375,
        141.67825317382812,
        141.6632080078125,
        141.63685607910156,
        141.02987670898438,
        143.02316284179688,
        142.2573699951172,
        141.98681640625,
        143.06396484375,
        143.75997924804688,
        143.50270080566406,
        143.5774383544922,
        141.50418090820312,
        142.93240356445312,
        144.95762634277344,
        144.3387908935547,
        145.7309112548828,
        145.3773956298828,
        146.1890411376953,
        145.64955139160156,
        146.83685302734375,
        145.08612060546875,
        143.35064697265625,
        146.27505493164062
    ]
}