{
    "parameters": {
        "n_agents": 4,
        "dt": 0.1,
        "device": "cpu",
        "scenario_name": "car_like_robots_path_tracking",
        "n_iters": 100,
        "frames_per_batch": 1024,
        "total_frames": 102400,
        "num_epochs": 30,
        "minibatch_size": 16,
        "lr": 0.0004,
        "max_grad_norm": 1.0,
        "clip_epsilon": 0.2,
        "gamma": 0.96,
        "lmbda": 0.9,
        "entropy_eps": 0.0001,
        "max_steps": 256,
        "num_vmas_envs": 4,
        "is_save_intermidiate_model": true,
        "is_load_model": false,
        "n_nearing_agents_observed": 4,
        "episode_reward_mean_current": 390.05133056640625,
        "episode_reward_intermidiate": 389.98602294921875,
        "where_to_save": "outputs/car_like_robots_path_tracking_ppo/sin_no_reward_shaping_short_term_paths/",
        "is_continue_train": false,
        "is_local_observation": false,
        "is_global_coordinate_sys": true,
        "n_short_term_points": 6,
        "is_testing_mode": false,
        "is_visualize_short_term_path": true,
        "path_tracking_type": "sine",
        "is_dynamic_goal_reward": false,
        "is_save_eval_results": false,
        "is_load_out_td": null,
        "mode_name": "sine_reward390.05"
    },
    "episode_reward_mean_list": [
        0.6990199089050293,
        32.44825744628906,
        46.22328567504883,
        52.75342559814453,
        66.57290649414062,
        63.77122497558594,
        69.13311004638672,
        76.31126403808594,
        92.64747619628906,
        103.30712890625,
        102.60725402832031,
        121.72370910644531,
        136.38648986816406,
        133.1934814453125,
        149.56353759765625,
        165.63278198242188,
        140.172119140625,
        180.93955993652344,
        164.3392333984375,
        177.54168701171875,
        175.70396423339844,
        162.61679077148438,
        192.39942932128906,
        180.53829956054688,
        206.3433380126953,
        211.83297729492188,
        233.78514099121094,
        220.851318359375,
        234.365234375,
        242.01480102539062,
        245.42721557617188,
        250.78695678710938,
        246.87301635742188,
        268.11651611328125,
        261.55120849609375,
        269.7706298828125,
        286.20281982421875,
        297.3465576171875,
        297.0760192871094,
        285.1131286621094,
        291.6737976074219,
        306.1919860839844,
        315.4280090332031,
        301.0727233886719,
        294.44439697265625,
        284.8264465332031,
        283.7652587890625,
        303.9360046386719,
        273.341796875,
        249.64422607421875,
        259.1805419921875,
        235.9130859375,
        211.4874267578125,
        279.9830017089844,
        253.97695922851562,
        247.121826171875,
        231.05767822265625,
        283.98712158203125,
        275.1981201171875,
        239.755859375,
        269.6404724121094,
        295.3574523925781,
        251.14190673828125,
        252.73924255371094,
        271.9210205078125,
        285.947021484375,
        324.2956237792969,
        331.1986999511719,
        301.643310546875,
        330.0976867675781,
        328.010986328125,
        360.4859619140625,
        338.6910095214844,
        379.1259765625,
        385.9915466308594,
        369.1051940917969,
        358.4729919433594,
        365.72607421875,
        353.4000244140625,
        368.22100830078125,
        366.69195556640625,
        374.5341491699219,
        364.353759765625,
        359.7288818359375,
        350.8196105957031,
        369.96075439453125,
        361.831298828125,
        373.26934814453125,
        381.18768310546875,
        369.8627624511719,
        362.60699462890625,
        375.1927490234375,
        375.99993896484375,
        389.98602294921875,
        387.9382629394531,
        384.9834899902344,
        388.10894775390625,
        384.4280090332031,
        386.74639892578125,
        390.05133056640625
    ]
}