{
    "parameters": {
        "n_agents": 4,
        "dt": 0.05,
        "device": "cpu",
        "scenario_name": "road_traffic",
        "n_iters": 250,
        "frames_per_batch": 4096,
        "total_frames": 1024000,
        "num_epochs": 60,
        "minibatch_size": 512,
        "lr": 0.0002,
        "lr_min": 1e-05,
        "max_grad_norm": 1.0,
        "clip_epsilon": 0.2,
        "gamma": 0.99,
        "lmbda": 0.9,
        "entropy_eps": 0.0001,
        "max_steps": 128,
        "training_strategy": "4",
        "num_vmas_envs": 32,
        "is_save_intermediate_model": true,
        "is_load_model": false,
        "is_load_final_model": false,
        "episode_reward_mean_current": 2.9963717460632324,
        "episode_reward_intermediate": 2.9963717460632324,
        "where_to_save": "outputs/road_traffic_ppo/not obs. dist. to surr. ag./",
        "is_continue_train": false,
        "is_partial_observation": true,
        "n_points_short_term": 3,
        "n_nearing_agents_observed": 2,
        "is_observe_distance_to_agents": false,
        "is_testing_mode": false,
        "is_visualize_short_term_path": true,
        "is_ego_view": true,
        "is_apply_mask": true,
        "is_use_mtv_distance": false,
        "is_observe_distance_to_boundaries": true,
        "is_observe_distance_to_center_line": true,
        "is_observe_CG": true,
        "is_add_noise": true,
        "is_observe_ref_path_other_agents": false,
        "is_save_eval_results": true,
        "is_load_out_td": false,
        "is_real_time_rendering": false,
        "is_prb": false,
        "reset_scenario_probabilities": [
            1.0,
            0.0,
            0.0
        ],
        "mode_name": "reward3.00"
    },
    "episode_reward_mean_list": [
        -0.7985849380493164,
        -0.7607110142707825,
        -0.7371618151664734,
        -0.6964823007583618,
        -0.6977779865264893,
        -0.7150025367736816,
        -0.7104102373123169,
        -0.7185581922531128,
        -0.6493072509765625,
        -0.581928014755249,
        -0.5096997022628784,
        -0.3743114173412323,
        -0.198377326130867,
        0.022775882855057716,
        0.04595373943448067,
        0.40162959694862366,
        0.6581839323043823,
        0.7064989805221558,
        0.847907543182373,
        1.1319292783737183,
        1.0836032629013062,
        1.1079601049423218,
        1.4921525716781616,
        1.4130109548568726,
        1.4088383913040161,
        1.3284223079681396,
        1.4635510444641113,
        1.2999651432037354,
        1.5757157802581787,
        1.38096022605896,
        1.6645574569702148,
        1.6938413381576538,
        1.4510269165039062,
        1.8468714952468872,
        1.6617101430892944,
        1.5776094198226929,
        2.0114831924438477,
        2.060823678970337,
        1.5713160037994385,
        1.3434497117996216,
        1.620574712753296,
        1.6675318479537964,
        1.3198490142822266,
        1.788941502571106,
        1.8850919008255005,
        1.803858995437622,
        1.5714207887649536,
        2.2339656352996826,
        1.693259835243225,
        1.7647346258163452,
        1.708552360534668,
        2.006690502166748,
        2.032029390335083,
        2.104846239089966,
        1.5721231698989868,
        1.8710414171218872,
        1.5942561626434326,
        2.078775405883789,
        1.9740687608718872,
        1.9207532405853271,
        1.943379282951355,
        1.6193740367889404,
        2.097778797149658,
        1.9807486534118652,
        2.214946985244751,
        2.1409707069396973,
        1.7349728345870972,
        1.8698567152023315,
        2.068204164505005,
        1.9352350234985352,
        1.7010809183120728,
        1.856143832206726,
        2.2588558197021484,
        1.9022984504699707,
        2.376230001449585,
        1.9954111576080322,
        1.8593013286590576,
        2.3559672832489014,
        2.0096383094787598,
        2.3444266319274902,
        1.8570821285247803,
        2.247983455657959,
        2.0565993785858154,
        1.9255956411361694,
        2.0774683952331543,
        2.509507417678833,
        1.8848494291305542,
        2.482511281967163,
        2.054934024810791,
        2.027163028717041,
        2.1424620151519775,
        1.9633876085281372,
        2.070805788040161,
        2.3123221397399902,
        1.646822214126587,
        1.831993818283081,
        2.412102460861206,
        2.513166666030884,
        2.9796197414398193,
        2.169182777404785,
        1.9633592367172241,
        1.7776639461517334,
        2.32599139213562,
        2.7583422660827637,
        1.816481351852417,
        1.8495121002197266,
        1.9911160469055176,
        2.501620054244995,
        1.8138359785079956,
        1.8279491662979126,
        1.8445096015930176,
        2.2251839637756348,
        2.5628488063812256,
        1.8151543140411377,
        2.603641986846924,
        1.971462607383728,
        1.9147790670394897,
        2.144106388092041,
        2.6102802753448486,
        2.23398756980896,
        2.4086577892303467,
        2.3216712474823,
        2.037752866744995,
        1.8848003149032593,
        1.9814995527267456,
        1.8784096240997314,
        1.9990975856781006,
        1.5078480243682861,
        2.4178411960601807,
        2.5910768508911133,
        2.4084889888763428,
        2.0159945487976074,
        2.3610408306121826,
        2.259983539581299,
        2.2077953815460205,
        2.019329071044922,
        2.433199405670166,
        2.228996753692627,
        2.3007972240448,
        1.8209716081619263,
        2.086064577102661,
        2.162003517150879,
        1.906720519065857,
        2.1365456581115723,
        1.9663273096084595,
        2.019285202026367,
        2.4213476181030273,
        2.9963717460632324,
        2.2042810916900635,
        2.2320632934570312,
        1.870598316192627,
        1.8450716733932495,
        2.7094740867614746,
        2.491250991821289,
        2.419588565826416,
        2.735877513885498,
        2.1905789375305176,
        2.028965473175049,
        2.0760762691497803,
        2.4128618240356445,
        2.3713738918304443,
        2.3281054496765137,
        2.211214303970337,
        2.193466901779175,
        1.9625797271728516,
        2.181722402572632,
        2.0927393436431885,
        2.402963876724243,
        2.19181489944458,
        2.2980659008026123,
        2.187046766281128,
        1.9053843021392822,
        2.1591923236846924,
        2.571045398712158,
        1.9896736145019531,
        2.085055112838745,
        2.2385857105255127,
        2.1085026264190674,
        2.1884756088256836,
        2.3436498641967773,
        2.4207818508148193,
        2.3297126293182373,
        2.1865594387054443,
        2.088336229324341,
        2.2946994304656982,
        2.142784833908081,
        2.411949634552002,
        2.182426929473877,
        2.4617254734039307,
        2.210644483566284,
        2.302588939666748,
        2.1843106746673584,
        2.187082290649414,
        2.466353178024292,
        2.293471097946167,
        2.993525266647339,
        1.7784579992294312,
        1.9899011850357056,
        2.703385353088379,
        1.9699574708938599,
        2.1982626914978027,
        2.1555330753326416,
        2.316354274749756,
        2.306617259979248,
        2.53170108795166,
        2.1240670680999756,
        2.5075697898864746,
        2.146888017654419,
        2.1134731769561768,
        2.476700782775879,
        2.7708046436309814,
        2.242908239364624,
        2.4875075817108154,
        2.315251350402832,
        2.3043389320373535,
        2.114983320236206,
        2.052764654159546,
        2.26619815826416,
        1.7886781692504883,
        2.184682607650757,
        2.3731849193573,
        2.3640146255493164,
        2.1333160400390625,
        2.0466017723083496,
        2.1130661964416504,
