{
    "parameters": {
        "n_agents": 4,
        "dt": 0.05,
        "device": "cpu",
        "scenario_name": "road_traffic",
        "n_iters": 250,
        "frames_per_batch": 4096,
        "total_frames": 1024000,
        "num_epochs": 60,
        "minibatch_size": 512,
        "lr": 0.0002,
        "lr_min": 1e-05,
        "max_grad_norm": 1.0,
        "clip_epsilon": 0.2,
        "gamma": 0.99,
        "lmbda": 0.9,
        "entropy_eps": 0.0001,
        "max_steps": 128,
        "training_strategy": "4",
        "num_vmas_envs": 32,
        "is_save_intermediate_model": true,
        "is_load_model": false,
        "is_load_final_model": false,
        "episode_reward_mean_current": 3.769184112548828,
        "episode_reward_intermediate": 3.769184112548828,
        "where_to_save": "outputs/road_traffic_ppo/no mask/",
        "is_continue_train": false,
        "is_partial_observation": true,
        "n_points_short_term": 3,
        "n_nearing_agents_observed": 2,
        "is_observe_distance_to_agents": true,
        "is_testing_mode": false,
        "is_visualize_short_term_path": true,
        "is_ego_view": true,
        "is_apply_mask": false,
        "is_use_mtv_distance": false,
        "is_observe_distance_to_boundaries": true,
        "is_observe_distance_to_ref_path": true,
        "is_observe_CG": true,
        "is_add_noise": true,
        "is_observe_ref_path_other_agents": false,
        "is_save_eval_results": true,
        "is_load_out_td": false,
        "is_real_time_rendering": false,
        "is_prb": false,
        "reset_scenario_probabilities": [
            1.0,
            0.0,
            0.0
        ],
        "mode_name": "reward3.77"
    },
    "episode_reward_mean_list": [
        -0.8338502049446106,
        -0.7459028959274292,
        -0.7041539549827576,
        -0.714495837688446,
        -0.6119588017463684,
        -0.6773861050605774,
        -0.6953538060188293,
        -0.5911259055137634,
        -0.5564761161804199,
        -0.4610403776168823,
        -0.38182058930397034,
        -0.1833622008562088,
        0.10572241991758347,
        0.17427513003349304,
        0.40519511699676514,
        0.7366270422935486,
        0.9092641472816467,
        0.9281155467033386,
        1.1411021947860718,
        1.06388521194458,
        1.3882017135620117,
        1.4011766910552979,
        1.6826354265213013,
        1.6946816444396973,
        2.1807143688201904,
        1.3127225637435913,
        1.3652184009552002,
        1.8002830743789673,
        1.9488105773925781,
        1.8113902807235718,
        1.5245901346206665,
        1.7487590312957764,
        1.7287477254867554,
        1.9534804821014404,
        2.3189127445220947,
        2.055720329284668,
        1.7125046253204346,
        1.9945205450057983,
        2.0391552448272705,
        1.5936992168426514,
        1.976509690284729,
        1.9154536724090576,
        2.0904557704925537,
        2.193072557449341,
        2.139855146408081,
        1.8756061792373657,
        2.2066426277160645,
        2.410087823867798,
        2.087475538253784,
        2.0352232456207275,
        2.072946548461914,
        1.9201834201812744,
        2.354450225830078,
        1.722832441329956,
        2.0480663776397705,
        2.7051570415496826,
        2.3567240238189697,
        1.9641213417053223,
        2.204585313796997,
        2.3883883953094482,
        2.2756824493408203,
        2.8644752502441406,
        1.8480870723724365,
        2.1169087886810303,
        2.4860312938690186,
        2.357191324234009,
        2.4072883129119873,
        2.4616446495056152,
        2.2491912841796875,
        2.4038217067718506,
        2.4745066165924072,
        2.274211883544922,
        2.1936349868774414,
        2.5811519622802734,
        2.5182700157165527,
        2.3977291584014893,
        2.267364501953125,
        2.015514850616455,
        2.931415319442749,
        2.47387433052063,
        2.6693918704986572,
        2.6783347129821777,
        2.209047555923462,
        2.2774112224578857,
        2.4471945762634277,
        1.7137694358825684,
        2.528717041015625,
        2.5146660804748535,
        2.7165920734405518,
        2.926560401916504,
        2.4487364292144775,
        2.4731509685516357,
        2.2419838905334473,
        2.07197642326355,
        2.3794288635253906,
        2.612100124359131,
        3.0302581787109375,
        2.914362668991089,
        2.772717237472534,
        2.6784331798553467,
        2.9048256874084473,
        2.8556268215179443,
        2.8181910514831543,
        2.1850974559783936,
        2.4795403480529785,
        2.332170248031616,
        2.1290016174316406,
        2.256425380706787,
        3.572218894958496,
        2.7798120975494385,
        2.8425464630126953,
        2.8746514320373535,
        2.937655448913574,
        2.580904722213745,
        3.083888053894043,
        2.714303731918335,
        2.609783411026001,
        2.8042023181915283,
        2.977691173553467,
        3.1927897930145264,
        2.761550188064575,
        3.3132669925689697,
        2.7130348682403564,
        3.2493133544921875,
        3.278195858001709,
        2.5191688537597656,
        2.503519058227539,
        2.3138203620910645,
        2.755262613296509,
        1.9229960441589355,
        2.735126256942749,
        2.9434192180633545,
        3.0838961601257324,
        2.8778574466705322,
        2.7113394737243652,
        2.606623649597168,
        2.9167771339416504,
        2.894296407699585,
        3.3793323040008545,
        2.9644052982330322,
        3.2093982696533203,
        2.5339345932006836,
        3.382012367248535,
        3.0183629989624023,
        3.0690176486968994,
        2.988983392715454,
        3.012467861175537,
        3.340013027191162,
        2.6042306423187256,
        3.2158203125,
        2.396373987197876,
        2.6054303646087646,
        2.3571274280548096,
        2.456651449203491,
        2.70333194732666,
        2.4980502128601074,
        2.8463988304138184,
        2.942859411239624,
        2.9442989826202393,
        3.3983824253082275,
        3.0245659351348877,
        3.185896396636963,
        2.951251268386841,
        2.859692335128784,
        2.6851258277893066,
        2.829115867614746,
        2.6146459579467773,
        3.769184112548828,
        3.0471503734588623,
        2.5501158237457275,
        2.7592294216156006,
        2.9072482585906982,
        3.113752841949463,
        2.990586042404175,
        3.295341968536377,
        3.153310775756836,
        2.8070414066314697,
        2.838395595550537,
        3.350334405899048,
        2.730712413787842,
        3.023582935333252,
        2.336372137069702,
        3.22774600982666,
        3.1051340103149414,
        3.169015407562256,
        2.872575521469116,
        2.5165202617645264,
        2.7737905979156494,
        2.8385090827941895,
        2.6170437335968018,
        2.904280424118042,
        2.3727495670318604,
        3.5165903568267822,
        3.1440601348876953,
        2.653139114379883,
        3.219661235809326,
        2.5369534492492676,
        3.683044672012329,
        3.0316474437713623,
        2.953839063644409,
        3.112271547317505,
        2.5992071628570557,
        3.162104845046997,
        2.4659063816070557,
        2.60274338722229,
        3.3544602394104004,
        2.725614070892334,
        3.4526309967041016,
        3.1739895343780518,
        3.308124303817749,
        2.847020387649536,
        2.788123607635498,
        2.7231853008270264,
        2.988133668899536,
        2.681415319442749,
        3.7238335609436035,
        2.775995969772339,
        2.9406328201293945,
        2.102379083633423,
        2.546844959259033,
        2.9295003414154053,
        3.1334633827209473,
        3.117224931716919,
        2.873018980026245,
        2.6670780181884766,
        2.841627597808838,
