{
    "parameters": {
        "n_agents": 4,
        "dt": 0.05,
        "device": "cpu",
        "scenario_name": "road_traffic",
        "n_iters": 250,
        "frames_per_batch": 4096,
        "total_frames": 1024000,
        "num_epochs": 60,
        "minibatch_size": 512,
        "lr": 0.0002,
        "lr_min": 1e-05,
        "max_grad_norm": 1.0,
        "clip_epsilon": 0.2,
        "gamma": 0.99,
        "lmbda": 0.9,
        "entropy_eps": 0.0001,
        "max_steps": 128,
        "training_strategy": "4",
        "num_vmas_envs": 32,
        "is_save_intermediate_model": true,
        "is_load_model": false,
        "is_load_final_model": false,
        "episode_reward_mean_current": 3.359549045562744,
        "episode_reward_intermediate": 3.359549045562744,
        "where_to_save": "outputs/road_traffic_ppo/obs. boundary points/",
        "is_continue_train": false,
        "is_partial_observation": true,
        "n_points_short_term": 3,
        "n_nearing_agents_observed": 2,
        "is_observe_distance_to_agents": true,
        "is_testing_mode": false,
        "is_visualize_short_term_path": true,
        "is_ego_view": true,
        "is_apply_mask": true,
        "is_use_mtv_distance": false,
        "is_observe_distance_to_boundaries": false,
        "is_observe_distance_to_center_line": true,
        "is_observe_CG": true,
        "is_add_noise": true,
        "is_observe_ref_path_other_agents": false,
        "is_save_eval_results": true,
        "is_load_out_td": false,
        "is_real_time_rendering": false,
        "is_prb": false,
        "reset_scenario_probabilities": [
            1.0,
            0.0,
            0.0
        ],
        "mode_name": "reward3.36"
    },
    "episode_reward_mean_list": [
        -0.7532649040222168,
        -0.6891354322433472,
        -0.6430472731590271,
        -0.6650880575180054,
        -0.6624609231948853,
        -0.6203709840774536,
        -0.5985289216041565,
        -0.5745465159416199,
        -0.5412960052490234,
        -0.4379497766494751,
        -0.35641828179359436,
        -0.26771220564842224,
        -0.1748296320438385,
        0.03237772360444069,
        0.3077084422111511,
        0.5791624188423157,
        0.6958834528923035,
        0.7594702243804932,
        0.8611127734184265,
        1.2242122888565063,
        1.0178560018539429,
        1.071521520614624,
        1.0626130104064941,
        1.5607666969299316,
        1.5662363767623901,
        1.0772371292114258,
        1.5207021236419678,
        1.3547812700271606,
        1.9490456581115723,
        1.851621150970459,
        1.8021438121795654,
        1.52346932888031,
        1.6507943868637085,
        1.7726620435714722,
        1.3302419185638428,
        1.775299072265625,
        1.8087660074234009,
        2.2934181690216064,
        1.5448739528656006,
        1.7795352935791016,
        1.798447608947754,
        1.9201093912124634,
        2.1473147869110107,
        1.768083930015564,
        1.9114720821380615,
        2.0689260959625244,
        1.8444486856460571,
        1.5952386856079102,
        1.7237659692764282,
        2.1083433628082275,
        2.0061440467834473,
        2.2661118507385254,
        2.1339008808135986,
        2.0239908695220947,
        1.9006909132003784,
        1.958207607269287,
        2.3814778327941895,
        2.2009191513061523,
        1.837677001953125,
        1.9843918085098267,
        1.831041693687439,
        2.5785562992095947,
        2.1616427898406982,
        2.50895619392395,
        2.309948444366455,
        2.435598611831665,
        3.094338893890381,
        2.3723554611206055,
        1.9156949520111084,
        2.639122247695923,
        2.0992228984832764,
        2.397322177886963,
        2.4502854347229004,
        2.6162712574005127,
        1.820926547050476,
        2.2496230602264404,
        2.511838436126709,
        1.9103628396987915,
        2.172337055206299,
        2.287285327911377,
        1.9864612817764282,
        1.8436353206634521,
        2.2844603061676025,
        2.111969232559204,
        1.8048686981201172,
        2.8628618717193604,
        2.2278246879577637,
        2.34273362159729,
        2.251129627227783,
        2.1925508975982666,
        2.108167886734009,
        1.8601163625717163,
        2.648547887802124,
        2.218165636062622,
        1.9958809614181519,
        2.7353527545928955,
        2.7026121616363525,
        1.7483747005462646,
        1.909867763519287,
        2.6189215183258057,
        2.1705410480499268,
        1.7850301265716553,
        2.5625689029693604,
        3.0054800510406494,
        2.6497135162353516,
        2.4152705669403076,
        1.6123443841934204,
        2.1757242679595947,
        2.565849542617798,
        2.674067974090576,
        2.8585898876190186,
        2.813669443130493,
        3.011387825012207,
        2.5151848793029785,
        2.3302297592163086,
        2.6869308948516846,
        3.152033567428589,
        2.913379192352295,
        2.5815072059631348,
        2.179441452026367,
        2.788635015487671,
        2.732811212539673,
        2.737017869949341,
        2.375467300415039,
        2.381080389022827,
        2.2644975185394287,
        1.9764493703842163,
        2.5144379138946533,
        2.7008488178253174,
        2.954533100128174,
        2.568824052810669,
        2.4056084156036377,
        3.0843000411987305,
        2.975004196166992,
        2.5473227500915527,
        2.868276596069336,
        2.0527753829956055,
        2.635892152786255,
        1.6663589477539062,
        2.816075086593628,
        2.6425392627716064,
        2.593346118927002,
        2.5288515090942383,
        2.5513291358947754,
        2.70924711227417,
        2.1744370460510254,
        2.886894464492798,
        3.064382791519165,
        2.393537759780884,
        2.160773515701294,
        2.6139791011810303,
        2.188891649246216,
        2.4278831481933594,
        2.359396457672119,
        2.6586737632751465,
        2.380603551864624,
        2.029116153717041,
        2.5629210472106934,
        2.457465171813965,
        2.6441287994384766,
        2.6932194232940674,
        2.600076198577881,
        2.3712151050567627,
        2.9050564765930176,
        2.468815326690674,
        2.9765164852142334,
        1.8512883186340332,
        3.241318702697754,
        2.596822738647461,
        2.4503798484802246,
        2.5898115634918213,
        2.9878225326538086,
        2.6786086559295654,
        2.6430037021636963,
        2.890317678451538,
        2.7786285877227783,
        2.5561559200286865,
        2.8649818897247314,
        2.5754241943359375,
        2.69551944732666,
        2.625250816345215,
        2.895190954208374,
        2.7109827995300293,
        2.828408718109131,
        2.813338041305542,
        2.61584734916687,
        2.5030593872070312,
        2.6132559776306152,
        2.537734031677246,
        2.443012237548828,
        2.5124385356903076,
        2.3852992057800293,
        2.8545970916748047,
        2.705343008041382,
        3.359549045562744,
        2.0307066440582275,
        2.5483806133270264,
        2.4841670989990234,
        2.503115177154541,
        2.1346230506896973,
        2.565145492553711,
        2.7644360065460205,
        2.543241262435913,
        2.84271240234375,
        2.943176746368408,
        2.478529453277588,
        2.2516329288482666,
        2.3679802417755127,
        2.5125811100006104,
        2.2768280506134033,
        2.056535243988037,
        1.9323300123214722,
        2.8026773929595947,
        2.9142913818359375,
        2.490877389907837,
        2.862406015396118,
        2.0124778747558594,
        2.622485637664795,
        3.0861268043518066,
        2.798516035079956,
        2.6037211418151855,
        2.7363874912261963,
        2.398271322250366,
        2.288151741027832,
        2.4862096309661865,
